Q318,0,1.99
Q318,1,2.182
Q318,2,2.972
Q318,3,2.221
Q318,4,2.241
Q318,5,2.079
Q318,6,2.097
Q318,7,2.299
Q318,8,2.88
Q318,9,2.338
Q318,10,2.358
Q318,11,2.187
Q318,12,2.397
Q318,13,3.262
Q318,14,2.436
Q318,15,2.455
Q318,16,2.095
Q318,17,2.111
Q318,18,2.313
Q318,19,2.533
Q318,20,2.553
Q318,21,2.003
Q318,22,2.592
Q318,23,2.21
Q318,24,2.631
Q318,25,3.578
Q318,26,2.67
Q318,27,2.69
Q318,28,2.709
Q318,29,2.309
Q318,30,2.748
Q318,31,2.546
Q318,32,2.564
Q318,33,2.185
Q318,34,2.6
Q318,35,1.565
Q318,36,2.865
Q318,37,3.894
Q318,38,2.904
Q318,39,2.924
Q318,40,2.943
Q318,41,2.963
Q318,42,2.744
Q318,43,3.728
Q318,44,3.176
Q318,45,2.258
Q318,46,3.06
Q318,47,4.751
Q318,48,3.099
Q318,49,3.119
Q318,50,3.138
Q318,51,2.905
Q318,52,1.748
Q318,53,2.941
Q318,54,3.216
Q318,55,2.739
Q318,56,3.255
Q318,57,4.068
Q318,58,4.448
Q318,59,3.314
Q318,60,3.067
Q318,61,1.697
Q318,62,3.103
Q318,63,3.121
Q318,64,1.876
Q318,65,3.431
Q318,66,3.451
Q318,67,3.47
Q318,68,4.711
Q318,69,3.228
Q318,70,1.941
Q318,71,3.264
Q318,72,3.568
Q318,73,6.015
Q318,74,3.607
Q318,75,4.504
Q318,76,3.646
Q318,77,3.665
Q318,78,3.119
Q318,79,3.704
Q318,80,2.048
Q318,81,3.743
Q318,82,3.763
Q318,83,3.782
Q318,84,2.597
Q318,85,3.821
Q318,86,3.534
Q318,87,3.86
Q318,88,3.88
Q318,89,2.145
Q318,90,2.155
Q318,91,5.317
Q318,92,3.641
Q318,93,5.37
Q318,94,3.997
Q318,95,4.017
Q318,96,3.713
Q318,97,4.056
Q318,98,3.749
Q318,99,4.095
Q318,100,5.11
Q318,101,2.273
Q318,102,4.153
Q318,103,4.173
Q318,104,5.659
Q318,105,5.686
Q318,106,3.893
Q318,107,1.979
Q318,108,3.614
Q318,109,3.947
Q318,110,3.965
Q318,111,1.768
Q318,112,2.2
Q318,113,4.368
Q318,114,4.387
Q318,115,4.407
Q318,116,4.072
Q318,117,6.002
Q318,118,2.259
Q318,119,4.485
Q318,120,4.504
Q318,121,4.524
Q318,122,4.18
Q318,123,4.198
Q318,124,3.879
Q318,125,1.392
Q318,126,4.622
Q318,127,4.641
Q318,128,4.288
Q318,129,3.961
Q318,130,4.7
Q318,131,3.675
Q318,132,4.739
Q318,133,1.439
Q318,134,4.778
Q318,135,6.476
Q318,136,4.817
Q318,137,4.836
Q318,138,4.467
Q318,139,4.485
Q318,140,4.503
Q318,141,4.521
Q318,142,4.934
Q318,143,4.953
Q318,144,2.735
Q318,145,6.74
Q318,146,1.516
Q318,147,2.767
Q318,148,5.051
Q318,149,2.36
Q318,150,5.09
Q318,151,5.109
Q318,152,4.719
Q318,153,4.737
Q318,154,5.168
Q318,155,5.187
Q318,156,5.207
Q318,157,4.808
Q318,158,5.246
Q318,159,2.896
Q318,160,4.862
Q318,161,3.939
Q318,162,5.324
Q318,163,5.344
Q318,164,7.24
Q318,165,3.677
Q318,166,5.402
Q318,167,4.988
Q318,168,2.993
Q318,169,6.782
Q318,170,5.48
Q318,171,7.425
Q318,172,2.793
Q318,173,5.539
Q318,174,7.504
Q318,175,4.721
Q318,176,5.597
Q318,177,5.617
Q318,178,3.1
Q318,179,5.656
Q318,180,5.675
Q318,181,5.695
Q318,182,5.257
Q318,183,5.734
Q318,184,5.293
Q318,185,5.773
Q318,186,7.194
Q318,187,5.812
Q318,188,3.207
Q318,189,5.383
Q318,190,4.969
Q318,191,5.89
Q318,192,5.909
Q318,193,5.929
Q318,194,8.03
Q318,195,5.051
Q318,196,7.437
Q318,197,8.11
Q318,198,2.805
Q318,199,6.046
Q318,200,6.066
Q318,201,6.085
Q318,202,6.105
Q318,203,6.124
Q318,204,3.379
Q318,205,6.163
Q318,206,6.183
Q318,207,6.202
Q318,208,6.222
Q318,209,5.742
Q318,210,6.261
Q318,211,5.316
Q318,212,6.3
Q318,213,3.198
Q318,214,1.917
Q318,215,5.382
Q318,216,6.378
Q318,217,11.659
Q318,218,8.663
Q318,219,6.436
Q318,220,3.551
Q318,221,8.742
Q318,222,5.975
Q318,223,3.033
Q318,224,3.594
Q318,225,6.553
Q318,226,6.573
Q318,227,6.592
Q318,228,6.083
Q318,229,6.632
Q318,230,6.651
Q318,231,6.137
Q318,232,6.155
Q318,233,6.173
Q318,234,6.191
Q318,235,6.749
Q318,236,6.227
Q318,237,6.788
Q318,238,5.762
Q318,239,6.281
Q318,240,6.298
Q318,241,5.811
Q318,242,6.885
Q318,243,6.905
Q318,244,6.924
Q318,245,6.944
Q318,246,6.963
Q318,247,6.424
Q318,248,5.927
Q318,249,5.468
Q318,250,7.041
Q318,251,7.061
Q318,252,7.08
Q318,253,7.1
Q318,254,7.119
Q318,255,6.568
Q318,256,7.158
Q318,257,6.604
Q318,258,6.092
Q318,259,7.217
Q318,260,7.236
Q318,261,7.256
Q318,262,7.276
Q318,263,7.295
Q318,264,7.315
Q318,265,6.208
Q318,266,6.765
Q318,267,6.783
Q318,268,6.801
Q318,269,6.819
Q318,270,5.787
Q318,271,6.855
Q318,272,7.471
Q318,273,7.49
Q318,274,6.356
Q318,275,7.529
Q318,276,6.945
Q318,277,7.568
Q318,278,6.981
Q318,279,7.607
Q318,280,7.017
Q318,281,7.646
Q318,282,7.666
Q318,283,7.685
Q318,284,7.705
Q318,285,7.724
Q318,286,7.744
Q318,287,7.142
Q318,288,7.783
Q318,289,7.802
Q318,290,7.822
Q318,291,7.214
Q318,292,6.121
Q318,293,7.25
Q318,294,7.9
Q318,295,7.919
Q318,296,7.939
Q318,297,7.959
Q318,298,7.978
Q318,299,7.998
Q218,0,-0.287
Q218,1,-0.244
Q218,2,-0.191
Q218,3,0.063
Q218,4,-0.334
Q218,5,-0.002
Q218,6,-0.213
Q218,7,-0.143
Q218,8,-0.422
Q218,9,-0.089
Q218,10,-0.026
Q218,11,-0.321
Q218,12,-0.008
Q218,13,-0.383
Q218,14,-0.311
Q218,15,0.123
Q218,16,0.046
Q218,17,0.004
Q218,18,0.105
Q218,19,-0.025
Q218,20,0.324
Q218,21,-0.201
Q218,22,0.038
Q218,23,-0.247
Q218,24,0.011
Q218,25,-0.134
Q218,26,-0.002
Q218,27,-0.375
Q218,28,-0.159
Q218,29,0.278
Q218,30,-0.099
Q218,31,0.159
Q218,32,0.033
Q218,33,-0.41
Q218,34,0.2
Q218,35,-0.035
Q218,36,-0.176
Q218,37,0.171
Q218,38,0.111
Q218,39,-0.397
Q218,40,-0.141
Q218,41,-0.302
Q218,42,-0.182
Q218,43,-0.441
Q218,44,-0.41
Q218,45,0.128
Q218,46,-0.106
Q218,47,0.168
Q218,48,-0.296
Q218,49,-0.092
Q218,50,0.128
Q218,51,-0.386
Q218,52,0.006
Q218,53,-0.232
Q218,54,-0.451
Q218,55,0.234
Q218,56,0.106
Q218,57,-0.343
Q218,58,0.089
Q218,59,-0.056
Q218,60,-0.266
Q218,61,-0.277
Q218,62,0.028
Q218,63,0.197
Q218,64,-0.403
Q218,65,0.157
Q218,66,-0.444
Q218,67,0.136
Q218,68,0.088
Q218,69,-0.263
Q218,70,-0.149
Q218,71,0.079
Q218,72,-0.392
Q218,73,0.004
Q218,74,-0.17
Q218,75,0.076
Q218,76,-0.154
Q218,77,-0.356
Q218,78,-0.4
Q218,79,0.012
Q218,80,-0.317
Q218,81,-0.239
Q218,82,-0.095
Q218,83,-0.352
Q218,84,-0.171
Q218,85,-0.107
Q218,86,-0.235
Q218,87,-0.171
Q218,88,0.233
Q218,89,-0.129
Q218,90,0.193
Q218,91,-0.114
Q218,92,-0.104
Q218,93,-0.354
Q218,94,0.092
Q218,95,0.011
Q218,96,-0.019
Q218,97,-0.229
Q218,98,0.132
Q218,99,0.02
Q218,100,-0.143
Q218,101,-0.337
Q218,102,0.265
Q218,103,-0.313
Q218,104,-0.399
Q218,105,0.076
Q218,106,0.221
Q218,107,0.097
Q218,108,0.13
Q218,109,0.125
Q218,110,0.176
Q218,111,-0.052
Q218,112,-0.094
Q218,113,-0.186
Q218,114,0.152
Q218,115,-0.049
Q218,116,-0.183
Q218,117,-0.27
Q218,118,-0.333
Q218,119,-0.369
Q218,120,0.857
Q218,121,1.032
Q218,122,0.48
Q218,123,0.547
Q218,124,1.291
Q218,125,0.999
Q218,126,1.041
Q218,127,1.083
Q218,128,0.619
Q218,129,0.59
Q218,130,1.209
Q218,131,1.251
Q218,132,1.745
Q218,133,1.335
Q218,134,2.021
Q218,135,1.542
Q218,136,1.344
Q218,137,1.503
Q218,138,2.086
Q218,139,1.725
Q218,140,1.629
Q218,141,1.671
Q218,142,1.713
Q218,143,1.049
Q218,144,1.954
Q218,145,1.999
Q218,146,2.045
Q218,147,1.923
Q218,148,2.136
Q218,149,2.71
Q218,150,2.228
Q218,151,1.25
Q218,152,2.133
Q218,153,2.365
Q218,154,2.218
Q218,155,3.05
Q218,156,2.502
Q218,157,2.156
Q218,158,2.593
Q218,159,2.428
Q218,160,2.272
Q218,161,2.73
Q218,162,2.776
Q218,163,2.822
Q218,164,3.871
Q218,165,2.913
Q218,166,2.504
Q218,167,2.764
Q218,168,2.806
Q218,169,3.845
Q218,170,2.89
Q218,171,3.187
Q218,172,3.233
Q218,173,3.278
Q218,174,3.324
Q218,175,1.853
Q218,176,3.415
Q218,177,3.184
Q218,178,1.774
Q218,179,3.553
Q218,180,3.31
Q218,181,3.644
Q218,182,2.029
Q218,183,5.043
Q218,184,3.781
Q218,185,3.827
Q218,186,3.563
Q218,187,3.918
Q218,188,3.964
Q218,189,4.009
Q218,190,6.799
Q218,191,3.773
Q218,192,4.146
Q218,193,4.192
Q218,194,3.587
Q218,195,3.941
Q218,196,3.983
Q218,197,4.375
Q218,198,4.421
Q218,199,4.109
Q218,200,4.512
Q218,201,4.558
Q218,202,6.214
Q218,203,4.277
Q218,204,4.695
Q218,205,4.74
Q218,206,4.786
Q218,207,4.832
Q218,208,2.468
Q218,209,4.923
Q218,210,2.733
Q218,211,2.537
Q218,212,4.283
Q218,213,2.808
Q218,214,4.739
Q218,215,7.016
Q218,216,5.243
Q218,217,2.676
Q218,218,2.934
Q218,219,5.38
Q218,220,2.745
Q218,221,5.034
Q218,222,5.517
Q218,223,3.059
Q218,224,5.16
Q218,225,5.202
Q218,226,5.7
Q218,227,5.745
Q218,228,5.791
Q218,229,5.37
Q218,230,5.412
Q218,231,5.454
Q218,232,5.974
Q218,233,6.02
Q218,234,6.065
Q218,235,4.759
Q218,236,6.157
Q218,237,5.706
Q218,238,6.248
Q218,239,5.79
Q218,240,6.339
Q218,241,5.874
Q218,242,5.916
Q218,243,5.958
Q218,244,6.522
Q218,245,6.568
Q218,246,6.613
Q218,247,6.659
Q218,248,6.705
Q218,249,6.751
Q218,250,6.796
Q218,251,6.842
Q218,252,6.888
Q218,253,6.933
Q218,254,6.979
Q218,255,7.025
Q218,256,7.07
Q218,257,7.116
Q218,258,6.589
Q218,259,7.207
Q218,260,7.253
Q218,261,7.299
Q218,262,7.344
Q218,263,7.39
Q218,264,7.436
Q218,265,7.482
Q218,266,7.527
Q218,267,6.967
Q218,268,7.619
Q218,269,7.664
Q218,270,7.71
Q218,271,7.135
Q218,272,7.177
Q218,273,7.219
Q218,274,7.893
Q218,275,7.938
Q218,276,7.345
Q218,277,8.03
Q218,278,8.075
Q218,279,7.471
Q218,280,6.912
Q218,281,7.555
Q218,282,8.258
Q218,283,7.64
Q218,284,8.35
Q218,285,8.395
Q218,286,8.441
Q218,287,6.608
Q218,288,8.532
Q218,289,6.68
Q218,290,7.299
Q218,291,7.976
Q218,292,8.715
Q218,293,8.761
Q218,294,8.806
Q218,295,8.852
Q218,296,8.898
Q218,297,8.943
Q218,298,8.989
Q218,299,9.035
Q118,0,-0.255
Q118,1,-0.114
Q118,2,0.069
Q118,3,-0.343
Q118,4,-0.03
Q118,5,-0.404
Q118,6,-0.061
Q118,7,-0.153
Q118,8,-0.219
Q118,9,-0.338
Q118,10,-0.044
Q118,11,-0.088
Q118,12,0.128
Q118,13,0.085
Q118,14,0.012
Q118,15,0.059
Q118,16,-0.337
Q118,17,0.062
Q118,18,-0.19
Q118,19,-0.145
Q118,20,-0.288
Q118,21,-0.581
Q118,22,0.051
Q118,23,-0.132
Q118,24,-0.297
Q118,25,-0.007
Q118,26,0.184
Q118,27,-0.137
Q118,28,-0.086
Q118,29,0.038
Q118,30,0.03
Q118,31,0.32
Q118,32,-0.037
Q118,33,0.084
Q118,34,-0.219
Q118,35,-0.008
Q118,36,0.08
Q118,37,-0.133
Q118,38,-0.228
Q118,39,-0.183
Q118,40,-0.304
Q118,41,0.033
Q118,42,-0.131
Q118,43,-0.395
Q118,44,-0.122
Q118,45,0.226
Q118,46,0.088
Q118,47,-0.256
Q118,48,-0.043
Q118,49,0.164
Q118,50,0.048
Q118,51,-0.307
Q118,52,0.09
Q118,53,0.016
Q118,54,0.085
Q118,55,-0.103
Q118,56,-0.125
Q118,57,-0.247
Q118,58,0.012
Q118,59,-0.174
Q118,60,-0.229
Q118,61,0.156
Q118,62,0.032
Q118,63,-0.021
Q118,64,0.046
Q118,65,-0.198
Q118,66,-0.265
Q118,67,-0.125
Q118,68,-0.106
Q118,69,-0.166
Q118,70,0.037
Q118,71,0.018
Q118,72,-0.1
Q118,73,0.046
Q118,74,0.111
Q118,75,0.036
Q118,76,-0.118
Q118,77,-0.413
Q118,78,-0.124
Q118,79,-0.208
Q118,80,-0.385
Q118,81,0.043
Q118,82,0.062
Q118,83,-0.143
Q118,84,-0.033
Q118,85,-0.32
Q118,86,0.063
Q118,87,0.044
Q118,88,-0.374
Q118,89,0.2
Q118,90,-0.37
Q118,91,-0.047
Q118,92,-0.03
Q118,93,-0.244
Q118,94,0.202
Q118,95,-0.403
Q118,96,-0.384
Q118,97,-0.099
Q118,98,0.014
Q118,99,0.05
Q118,100,-0.406
Q118,101,-0.341
Q118,102,-0.096
Q118,103,-0.254
Q118,104,0.164
Q118,105,0.244
Q118,106,-0.16
Q118,107,0.184
Q118,108,-0.1
Q118,109,-0.239
Q118,110,-0.081
Q118,111,-0.268
Q118,112,0.08
Q118,113,-0.389
Q118,114,-0.32
Q118,115,-0.128
Q118,116,-0.236
Q118,117,-0.171
Q118,118,0.058
Q118,119,-0.284
Q118,120,-0.422
Q118,121,-0.431
Q118,122,-0.251
Q118,123,-0.285
Q118,124,0.11
Q118,125,-0.035
Q118,126,0.148
Q118,127,-0.054
Q118,128,-0.449
Q118,129,-0.232
Q118,130,0.018
Q118,131,0.029
Q118,132,-0.217
Q118,133,0.126
Q118,134,-0.402
Q118,135,0.147
Q118,136,-0.31
Q118,137,-0.089
Q118,138,-0.081
Q118,139,-0.436
Q118,140,-0.103
Q118,141,0.022
Q118,142,0.218
Q118,143,-0.318
Q118,144,-0.009
Q118,145,-0.295
Q118,146,-0.126
Q118,147,0.112
Q118,148,0.031
Q118,149,0.113
Q118,150,-0.291
Q118,151,0.045
Q118,152,-0.045
Q118,153,0.186
Q118,154,-0.275
Q118,155,-0.393
Q118,156,0.228
Q118,157,-0.032
Q118,158,-0.375
Q118,159,-0.31
Q118,160,-0.434
Q118,161,-0.158
Q118,162,0.153
Q118,163,-0.018
Q118,164,-0.267
Q118,165,-0.032
Q118,166,0.165
Q118,167,-0.353
Q118,168,0.042
Q118,169,-0.064
Q118,170,0.07
Q118,171,0.055
Q118,172,-0.42
Q118,173,-0.549
Q118,174,-0.382
Q118,175,-0.071
Q118,176,0.079
Q118,177,0.104
Q118,178,-0.318
Q118,179,-0.313
Q118,180,0.127
Q118,181,0.087
Q118,182,-0.209
Q118,183,0.237
Q118,184,0.182
Q118,185,0.212
Q118,186,0.002
Q118,187,-0.344
Q118,188,-0.217
Q118,189,-0.194
Q118,190,0.096
Q118,191,0.163
Q118,192,-0.349
Q118,193,-0.287
Q118,194,-0.595
Q118,195,0.021
Q118,196,0.119
Q118,197,-0.091
Q118,198,-0.101
Q118,199,-0.096
Q118,200,0.046
Q118,201,-0.104
Q118,202,-0.395
Q118,203,0.2
Q118,204,0.229
Q118,205,0.181
Q118,206,-0.223
Q118,207,-0.565
Q118,208,-0.271
Q118,209,0.136
Q118,210,-0.268
Q118,211,-0.104
Q118,212,-0.146
Q118,213,-0.361
Q118,214,-0.138
Q118,215,0.152
Q118,216,-0.433
Q118,217,-0.182
Q118,218,-0.327
Q118,219,-0.375
Q118,220,0.036
Q118,221,-0.109
Q118,222,-0.088
Q118,223,0.08
Q118,224,-0.037
Q118,225,-0.15
Q118,226,-0.402
Q118,227,-0.211
Q118,228,-0.082
Q118,229,0.199
Q118,230,0.011
Q118,231,0.022
Q118,232,-0.21
Q118,233,-0.345
Q118,234,-0.215
Q118,235,-0.233
Q118,236,0.006
Q118,237,-0.065
Q118,238,-0.088
Q118,239,-0.349
Q118,240,0.616
Q118,241,0.781
Q118,242,0.801
Q118,243,1.111
Q118,244,1.276
Q118,245,1.441
Q118,246,1.606
Q118,247,1.499
Q118,248,1.937
Q118,249,2.102
Q118,250,2.267
Q118,251,2.432
Q118,252,2.597
Q118,253,2.541
Q118,254,2.927
Q118,255,3.092
Q118,256,2.997
Q118,257,3.422
Q118,258,3.587
Q118,259,3.176
Q118,260,3.918
Q118,261,3.756
Q118,262,4.248
Q118,263,4.06
Q118,264,4.578
Q118,265,4.743
Q118,266,4.908
Q118,267,5.073
Q118,268,5.238
Q118,269,5.403
Q118,270,5.568
Q118,271,5.733
Q118,272,5.898
Q118,273,6.064
Q118,274,5.272
Q118,275,5.882
Q118,276,5.551
Q118,277,6.724
Q118,278,6.338
Q118,279,6.49
Q118,280,7.219
Q118,281,6.25
Q118,282,6.945
Q118,283,5.526
Q118,284,7.879
Q118,285,8.044
Q118,286,7.553
Q118,287,8.375
Q118,288,7.228
Q118,289,7.368
Q118,290,8.87
Q118,291,7.647
Q118,292,9.2
Q118,293,8.616
Q118,294,9.53
Q118,295,9.695
Q118,296,9.86
Q118,297,10.025
Q118,298,10.19
Q118,299,10.356
Q417,0,0.211
Q417,1,-0.532
Q417,2,-0.112
Q417,3,-0.166
Q417,4,-0.432
Q417,5,-0.279
Q417,6,-0.158
Q417,7,-0.02
Q417,8,-0.034
Q417,9,-0.255
Q417,10,-0.198
Q417,11,0.084
Q417,12,0.13
Q417,13,0.271
Q417,14,0.228
Q417,15,-0.06
Q417,16,-0.562
Q417,17,-0.283
Q417,18,-0.385
Q417,19,0.086
Q417,20,0.025
Q417,21,0.07
Q417,22,-0.26
Q417,23,-0.365
Q417,24,-0.065
Q417,25,0.176
Q417,26,-0.064
Q417,27,-0.553
Q417,28,-0.558
Q417,29,-0.178
Q417,30,-0.447
Q417,31,-0.258
Q417,32,0.073
Q417,33,-0.182
Q417,34,-0.238
Q417,35,-0.436
Q417,36,0.161
Q417,37,0.109
Q417,38,-0.26
Q417,39,0.161
Q417,40,-0.093
Q417,41,0.005
Q417,42,-0.353
Q417,43,-0.031
Q417,44,-0.298
Q417,45,-0.201
Q417,46,0.107
Q417,47,-0.411
Q417,48,0.044
Q417,49,-0.229
Q417,50,-0.313
Q417,51,0.072
Q417,52,-0.118
Q417,53,-0.193
Q417,54,-0.132
Q417,55,-0.316
Q417,56,0.012
Q417,57,-0.393
Q417,58,-0.253
Q417,59,-0.172
Q417,60,-0.02
Q417,61,-0.318
Q417,62,-0.328
Q417,63,-0.135
Q417,64,-0.203
Q417,65,-0.181
Q417,66,-0.271
Q417,67,-0.017
Q417,68,-0.454
Q417,69,-0.381
Q417,70,-0.001
Q417,71,0.063
Q417,72,0.111
Q417,73,-0.029
Q417,74,-0.089
Q417,75,0.076
Q417,76,-0.133
Q417,77,0.127
Q417,78,-0.349
Q417,79,-0.349
Q417,80,-0.106
Q417,81,-0.124
Q417,82,-0.135
Q417,83,-0.224
Q417,84,-0.05
Q417,85,-0.204
Q417,86,0.08
Q417,87,0.223
Q417,88,-0.038
Q417,89,-0.172
Q417,90,-0.387
Q417,91,0.049
Q417,92,0.259
Q417,93,-0.053
Q417,94,-0.076
Q417,95,0.004
Q417,96,-0.063
Q417,97,-0.061
Q417,98,0.088
Q417,99,0.004
Q417,100,0.098
Q417,101,-0.056
Q417,102,-0.187
Q417,103,0.028
Q417,104,-0.285
Q417,105,-0.305
Q417,106,-0.197
Q417,107,0.058
Q417,108,-0.097
Q417,109,-0.196
Q417,110,-0.254
Q417,111,0.012
Q417,112,-0.002
Q417,113,-0.239
Q417,114,-0.127
Q417,115,-0.032
Q417,116,-0.135
Q417,117,-0.441
Q417,118,-0.18
Q417,119,-0.033
Q417,120,-0.277
Q417,121,-0.447
Q417,122,-0.263
Q417,123,-0.416
Q417,124,-0.16
Q417,125,-0.061
Q417,126,-0.553
Q417,127,0.245
Q417,128,-0.289
Q417,129,0.232
Q417,130,-0.106
Q417,131,-0.156
Q417,132,0.14
Q417,133,-0.072
Q417,134,-0.409
Q417,135,-0.163
Q417,136,-0.132
Q417,137,0.093
Q417,138,0.228
Q417,139,-0.259
Q417,140,-0.071
Q417,141,-0.158
Q417,142,0.06
Q417,143,0.016
Q417,144,-0.26
Q417,145,-0.326
Q417,146,-0.269
Q417,147,-0.086
Q417,148,-0.178
Q417,149,-0.175
Q417,150,-0.094
Q417,151,-0.044
Q417,152,-0.211
Q417,153,0.151
Q417,154,0.002
Q417,155,-0.169
Q417,156,-0.38
Q417,157,0.125
Q417,158,-0.545
Q417,159,-0.378
Q417,160,-0.27
Q417,161,-0.063
Q417,162,-0.259
Q417,163,-0.129
Q417,164,-0.234
Q417,165,-0.361
Q417,166,-0.122
Q417,167,0.034
Q417,168,0.113
Q417,169,0.202
Q417,170,-0.437
Q417,171,0.04
Q417,172,-0.087
Q417,173,0.008
Q417,174,-0.036
Q417,175,-0.007
Q417,176,0.023
Q417,177,-0.149
Q417,178,0.263
Q417,179,0.192
Q417,180,-0.274
Q417,181,-0.34
Q417,182,0.211
Q417,183,-0.241
Q417,184,-0.281
Q417,185,-0.063
Q417,186,-0.337
Q417,187,-0.233
Q417,188,-0.141
Q417,189,0.092
Q417,190,-0.429
Q417,191,-0.1
Q417,192,-0.283
Q417,193,-0.086
Q417,194,-0.411
Q417,195,-0.35
Q417,196,0.238
Q417,197,0.106
Q417,198,0.177
Q417,199,-0.272
Q417,200,0.155
Q417,201,0.115
Q417,202,-0.312
Q417,203,0.107
Q417,204,-0.253
Q417,205,-0.295
Q417,206,-0.13
Q417,207,-0.178
Q417,208,0.082
Q417,209,-0.13
Q417,210,-0.245
Q417,211,0.205
Q417,212,-0.381
Q417,213,-0.246
Q417,214,-0.026
Q417,215,-0.298
Q417,216,-0.021
Q417,217,0.076
Q417,218,-0.012
Q417,219,0.091
Q417,220,0.135
Q417,221,-0.046
Q417,222,-0.348
Q417,223,-0.088
Q417,224,-0.112
Q417,225,0.156
Q417,226,0.056
Q417,227,-0.32
Q417,228,-0.393
Q417,229,0.223
Q417,230,-0.103
Q417,231,-0.048
Q417,232,0.044
Q417,233,-0.2
Q417,234,-0.375
Q417,235,-0.254
Q417,236,-0.377
Q417,237,-0.394
Q417,238,0.052
Q417,239,-0.431
Q417,240,1.371
Q417,241,1.528
Q417,242,1.831
Q417,243,2.001
Q417,244,1.998
Q417,245,2.342
Q417,246,2.512
Q417,247,2.468
Q417,248,2.415
Q417,249,2.781
Q417,250,3.193
Q417,251,3.364
Q417,252,3.251
Q417,253,3.704
Q417,254,3.279
Q417,255,4.045
Q417,256,4.215
Q417,257,4.385
Q417,258,3.547
Q417,259,4.348
Q417,260,4.504
Q417,261,4.661
Q417,262,4.818
Q417,263,5.407
Q417,264,5.577
Q417,265,5.748
Q417,266,5.444
Q417,267,6.088
Q417,268,6.258
Q417,269,6.429
Q417,270,6.599
Q417,271,6.228
Q417,272,6.94
Q417,273,6.541
Q417,274,7.28
Q417,275,7.45
Q417,276,7.621
Q417,277,7.168
Q417,278,7.324
Q417,279,8.131
Q417,280,6.464
Q417,281,7.794
Q417,282,7.315
Q417,283,8.813
Q417,284,8.983
Q417,285,9.153
Q417,286,9.323
Q417,287,8.734
Q417,288,9.664
Q417,289,9.834
Q417,290,10.005
Q417,291,10.175
Q417,292,10.345
Q417,293,10.515
Q417,294,9.831
Q417,295,9.987
Q417,296,11.026
Q417,297,11.197
Q417,298,11.367
Q417,299,11.537
Q317,0,-0.331
Q317,1,0.023
Q317,2,-0.021
Q317,3,-0.264
Q317,4,-0.038
Q317,5,-0.089
Q317,6,-0.209
Q317,7,0.087
Q317,8,-0.122
Q317,9,0.229
Q317,10,-0.147
Q317,11,-0.205
Q317,12,0.241
Q317,13,-0.253
Q317,14,-0.249
Q317,15,-0.197
Q317,16,-0.189
Q317,17,-0.061
Q317,18,-0.414
Q317,19,0.052
Q317,20,-0.016
Q317,21,0.018
Q317,22,0.031
Q317,23,-0.192
Q317,24,-0.145
Q317,25,-0.232
Q317,26,-0.098
Q317,27,-0.313
Q317,28,-0.005
Q317,29,-0.173
Q317,30,0.156
Q317,31,-0.177
Q317,32,0.138
Q317,33,-0.142
Q317,34,0.052
Q317,35,0.012
Q317,36,-0.227
Q317,37,-0.14
Q317,38,0.178
Q317,39,-0.188
Q317,40,0.06
Q317,41,0.062
Q317,42,0.036
Q317,43,-0.216
Q317,44,0.101
Q317,45,0.233
Q317,46,-0.311
Q317,47,0.109
Q317,48,-0.328
Q317,49,-0.053
Q317,50,-0.284
Q317,51,-0.134
Q317,52,-0.093
Q317,53,-0.381
Q317,54,0.115
Q317,55,-0.262
Q317,56,0.001
Q317,57,0.093
Q317,58,-0.196
Q317,59,0.145
Q317,60,-0.0
Q317,61,0.004
Q317,62,-0.546
Q317,63,-0.199
Q317,64,-0.107
Q317,65,-0.28
Q317,66,-0.206
Q317,67,-0.087
Q317,68,0.158
Q317,69,0.037
Q317,70,-0.272
Q317,71,0.196
Q317,72,0.01
Q317,73,0.009
Q317,74,-0.282
Q317,75,0.323
Q317,76,-0.051
Q317,77,-0.209
Q317,78,0.005
Q317,79,-0.37
Q317,80,0.183
Q317,81,0.076
Q317,82,0.129
Q317,83,-0.011
Q317,84,-0.04
Q317,85,0.059
Q317,86,0.214
Q317,87,-0.013
Q317,88,0.029
Q317,89,0.157
Q317,90,-0.102
Q317,91,-0.315
Q317,92,0.079
Q317,93,0.205
Q317,94,0.06
Q317,95,-0.087
Q317,96,-0.128
Q317,97,-0.147
Q317,98,-0.12
Q317,99,-0.302
Q317,100,0.114
Q317,101,-0.154
Q317,102,0.11
Q317,103,-0.277
Q317,104,-0.087
Q317,105,-0.044
Q317,106,-0.283
Q317,107,-0.008
Q317,108,0.15
Q317,109,-0.174
Q317,110,0.039
Q317,111,0.182
Q317,112,0.053
Q317,113,0.008
Q317,114,-0.276
Q317,115,0.2
Q317,116,-0.093
Q317,117,0.126
Q317,118,-0.348
Q317,119,-0.043
Q317,120,-0.192
Q317,121,-0.083
Q317,122,0.119
Q317,123,0.064
Q317,124,-0.108
Q317,125,0.001
Q317,126,-0.131
Q317,127,-0.267
Q317,128,-0.218
Q317,129,0.04
Q317,130,0.14
Q317,131,-0.262
Q317,132,0.123
Q317,133,-0.098
Q317,134,-0.094
Q317,135,-0.168
Q317,136,-0.415
Q317,137,-0.134
Q317,138,-0.039
Q317,139,0.133
Q317,140,0.21
Q317,141,-0.39
Q317,142,-0.447
Q317,143,-0.333
Q317,144,-0.287
Q317,145,-0.047
Q317,146,0.083
Q317,147,0.097
Q317,148,-0.416
Q317,149,-0.54
Q317,150,-0.224
Q317,151,-0.079
Q317,152,-0.445
Q317,153,0.124
Q317,154,0.072
Q317,155,0.045
Q317,156,-0.028
Q317,157,0.078
Q317,158,0.065
Q317,159,-0.2
Q317,160,-0.23
Q317,161,0.146
Q317,162,-0.18
Q317,163,-0.16
Q317,164,0.268
Q317,165,-0.199
Q317,166,0.216
Q317,167,-0.253
Q317,168,0.012
Q317,169,0.099
Q317,170,-0.063
Q317,171,0.04
Q317,172,0.133
Q317,173,0.104
Q317,174,-0.165
Q317,175,-0.234
Q317,176,0.109
Q317,177,-0.167
Q317,178,-0.21
Q317,179,-0.279
Q317,180,-0.275
Q317,181,-0.065
Q317,182,-0.173
Q317,183,-0.292
Q317,184,0.018
Q317,185,-0.254
Q317,186,-0.096
Q317,187,-0.129
Q317,188,0.152
Q317,189,0.116
Q317,190,0.088
Q317,191,-0.433
Q317,192,-0.028
Q317,193,0.117
Q317,194,-0.363
Q317,195,-0.21
Q317,196,-0.254
Q317,197,-0.459
Q317,198,-0.105
Q317,199,-0.151
Q317,200,-0.203
Q317,201,-0.3
Q317,202,0.14
Q317,203,0.133
Q317,204,-0.081
Q317,205,0.196
Q317,206,-0.115
Q317,207,-0.249
Q317,208,-0.363
Q317,209,-0.114
Q317,210,-0.396
Q317,211,-0.366
Q317,212,0.023
Q317,213,-0.132
Q317,214,-0.024
Q317,215,-0.003
Q317,216,-0.311
Q317,217,-0.014
Q317,218,0.028
Q317,219,-0.345
Q317,220,0.013
Q317,221,0.193
Q317,222,-0.397
Q317,223,-0.01
Q317,224,-0.214
Q317,225,-0.315
Q317,226,-0.138
Q317,227,-0.348
Q317,228,-0.366
Q317,229,-0.003
Q317,230,0.203
Q317,231,-0.375
Q317,232,-0.272
Q317,233,0.021
Q317,234,-0.134
Q317,235,0.014
Q317,236,-0.277
Q317,237,-0.424
Q317,238,0.013
Q317,239,-0.0
Q317,240,1.529
Q317,241,1.747
Q317,242,1.832
Q317,243,1.763
Q317,244,1.841
Q317,245,2.086
Q317,246,1.997
Q317,247,2.076
Q317,248,2.341
Q317,249,2.232
Q317,250,2.511
Q317,251,2.595
Q317,252,2.466
Q317,253,2.765
Q317,254,2.85
Q317,255,2.7
Q317,256,3.02
Q317,257,3.105
Q317,258,3.189
Q317,259,3.274
Q317,260,3.359
Q317,261,2.915
Q317,262,3.529
Q317,263,3.325
Q317,264,3.699
Q317,265,3.481
Q317,266,3.868
Q317,267,3.637
Q317,268,3.418
Q317,269,3.793
Q317,270,4.208
Q317,271,4.293
Q317,272,4.377
Q317,273,4.462
Q317,274,3.849
Q317,275,4.261
Q317,276,4.717
Q317,277,3.44
Q317,278,4.887
Q317,279,4.971
Q317,280,5.056
Q317,281,4.73
Q317,282,5.226
Q317,283,5.311
Q317,284,5.396
Q317,285,4.639
Q317,286,5.565
Q317,287,5.65
Q317,288,5.735
Q317,289,5.82
Q317,290,5.432
Q317,291,5.99
Q317,292,5.589
Q317,293,6.159
Q317,294,5.745
Q317,295,6.329
Q317,296,6.414
Q317,297,6.499
Q317,298,6.584
Q317,299,6.669
Q217,0,0.127
Q217,1,-0.085
Q217,2,0.132
Q217,3,-0.173
Q217,4,-0.172
Q217,5,-0.325
Q217,6,-0.139
Q217,7,-0.39
Q217,8,-0.425
Q217,9,-0.085
Q217,10,0.133
Q217,11,-0.033
Q217,12,-0.367
Q217,13,0.158
Q217,14,0.248
Q217,15,-0.352
Q217,16,0.152
Q217,17,-0.283
Q217,18,-0.015
Q217,19,0.0
Q217,20,-0.126
Q217,21,0.066
Q217,22,0.155
Q217,23,0.046
Q217,24,-0.087
Q217,25,-0.432
Q217,26,-0.328
Q217,27,0.206
Q217,28,-0.23
Q217,29,-0.114
Q217,30,0.011
Q217,31,-0.362
Q217,32,-0.028
Q217,33,0.036
Q217,34,-0.054
Q217,35,-0.172
Q217,36,-0.165
Q217,37,-0.298
Q217,38,0.063
Q217,39,0.123
Q217,40,-0.301
Q217,41,-0.411
Q217,42,-0.122
Q217,43,-0.304
Q217,44,-0.374
Q217,45,-0.16
Q217,46,-0.307
Q217,47,-0.275
Q217,48,0.049
Q217,49,-0.039
Q217,50,-0.182
Q217,51,-0.077
Q217,52,-0.409
Q217,53,0.135
Q217,54,0.198
Q217,55,0.042
Q217,56,-0.02
Q217,57,0.227
Q217,58,0.127
Q217,59,0.275
Q217,60,-0.096
Q217,61,-0.115
Q217,62,-0.042
Q217,63,-0.318
Q217,64,0.175
Q217,65,0.298
Q217,66,0.147
Q217,67,0.012
Q217,68,-0.073
Q217,69,-0.367
Q217,70,0.18
Q217,71,0.099
Q217,72,-0.359
Q217,73,0.203
Q217,74,-0.145
Q217,75,-0.107
Q217,76,-0.207
Q217,77,0.029
Q217,78,0.11
Q217,79,0.237
Q217,80,-0.196
Q217,81,-0.45
Q217,82,0.147
Q217,83,-0.266
Q217,84,-0.366
Q217,85,-0.39
Q217,86,0.101
Q217,87,0.322
Q217,88,0.105
Q217,89,-0.353
Q217,90,0.136
Q217,91,0.222
Q217,92,-0.137
Q217,93,-0.131
Q217,94,0.068
Q217,95,0.024
Q217,96,0.196
Q217,97,-0.232
Q217,98,-0.251
Q217,99,-0.043
Q217,100,0.157
Q217,101,-0.02
Q217,102,-0.243
Q217,103,0.028
Q217,104,-0.387
Q217,105,0.177
Q217,106,-0.432
Q217,107,0.126
Q217,108,0.054
Q217,109,0.183
Q217,110,-0.51
Q217,111,-0.174
Q217,112,0.185
Q217,113,0.24
Q217,114,-0.009
Q217,115,0.087
Q217,116,0.16
Q217,117,-0.295
Q217,118,-0.226
Q217,119,0.006
Q217,120,1.44
Q217,121,1.463
Q217,122,1.616
Q217,123,1.642
Q217,124,0.917
Q217,125,0.931
Q217,126,1.719
Q217,127,1.605
Q217,128,1.77
Q217,129,2.051
Q217,130,1.821
Q217,131,1.699
Q217,132,1.872
Q217,133,2.168
Q217,134,1.769
Q217,135,1.949
Q217,136,1.974
Q217,137,2.0
Q217,138,2.516
Q217,139,2.051
Q217,140,1.911
Q217,141,1.064
Q217,142,1.17
Q217,143,2.153
Q217,144,2.179
Q217,145,2.205
Q217,146,2.23
Q217,147,2.256
Q217,148,2.099
Q217,149,2.307
Q217,150,2.146
Q217,151,1.297
Q217,152,2.384
Q217,153,2.217
Q217,154,2.435
Q217,155,2.46
Q217,156,3.356
Q217,157,2.311
Q217,158,2.334
Q217,159,2.563
Q217,160,2.381
Q217,161,2.405
Q217,162,2.234
Q217,163,2.665
Q217,164,1.48
Q217,165,2.716
Q217,166,2.523
Q217,167,1.522
Q217,168,1.536
Q217,169,2.593
Q217,170,2.844
Q217,171,3.279
Q217,172,2.895
Q217,173,3.628
Q217,174,2.947
Q217,175,1.635
Q217,176,2.998
Q217,177,2.781
Q217,178,3.049
Q217,179,5.603
Q217,180,3.1
Q217,181,2.876
Q217,182,3.151
Q217,183,1.747
Q217,184,2.711
Q217,185,2.97
Q217,186,1.789
Q217,187,1.527
Q217,188,2.797
Q217,189,3.33
Q217,190,4.53
Q217,191,2.511
Q217,192,2.884
Q217,193,3.433
Q217,194,3.458
Q217,195,1.916
Q217,196,3.509
Q217,197,3.535
Q217,198,4.807
Q217,199,3.299
Q217,200,3.612
Q217,201,3.079
Q217,202,4.945
Q217,203,3.393
Q217,204,4.613
Q217,205,3.165
Q217,206,3.765
Q217,207,4.332
Q217,208,3.816
Q217,209,1.944
Q217,210,2.127
Q217,211,4.835
Q217,212,3.317
Q217,213,1.836
Q217,214,3.652
Q217,215,3.996
Q217,216,3.699
Q217,217,2.226
Q217,218,2.24
Q217,219,3.77
Q217,220,3.794
Q217,221,4.149
Q217,222,3.841
Q217,223,4.2
Q217,224,4.226
Q217,225,2.338
Q217,226,4.277
Q217,227,3.958
Q217,228,3.982
Q217,229,4.005
Q217,230,4.379
Q217,231,4.052
Q217,232,4.43
Q217,233,4.456
Q217,234,4.123
Q217,235,4.507
Q217,236,4.533
Q217,237,4.558
Q217,238,4.584
Q217,239,4.61
Q217,240,4.264
Q217,241,4.661
Q217,242,4.311
Q217,243,4.712
Q217,244,4.737
Q217,245,4.763
Q217,246,4.789
Q217,247,4.429
Q217,248,4.453
Q217,249,4.865
Q217,250,4.14
Q217,251,4.523
Q217,252,4.942
Q217,253,4.968
Q217,254,4.993
Q217,255,5.019
Q217,256,5.044
Q217,257,5.07
Q217,258,4.688
Q217,259,4.712
Q217,260,5.147
Q217,261,5.172
Q217,262,4.782
Q217,263,4.421
Q217,264,5.249
Q217,265,4.465
Q217,266,5.3
Q217,267,4.9
Q217,268,5.351
Q217,269,5.377
Q217,270,4.97
Q217,271,5.428
Q217,272,5.454
Q217,273,5.479
Q217,274,5.065
Q217,275,5.088
Q217,276,5.112
Q217,277,5.582
Q217,278,5.607
Q217,279,5.182
Q217,280,5.206
Q217,281,5.684
Q217,282,4.833
Q217,283,5.735
Q217,284,5.3
Q217,285,5.786
Q217,286,5.812
Q217,287,5.371
Q217,288,5.863
Q217,289,5.418
Q217,290,5.914
Q217,291,5.94
Q217,292,5.966
Q217,293,5.991
Q217,294,6.017
Q217,295,5.114
Q217,296,6.068
Q217,297,6.093
Q217,298,6.119
Q217,299,6.145
Q117,0,-0.026
Q117,1,0.114
Q117,2,-0.143
Q117,3,-0.207
Q117,4,-0.252
Q117,5,0.005
Q117,6,0.219
Q117,7,-0.22
Q117,8,-0.159
Q117,9,-0.199
Q117,10,0.1
Q117,11,-0.386
Q117,12,0.199
Q117,13,0.135
Q117,14,-0.008
Q117,15,-0.193
Q117,16,0.184
Q117,17,-0.101
Q117,18,0.238
Q117,19,-0.364
Q117,20,0.217
Q117,21,0.132
Q117,22,-0.407
Q117,23,-0.14
Q117,24,-0.196
Q117,25,-0.138
Q117,26,0.195
Q117,27,-0.048
Q117,28,0.249
Q117,29,-0.212
Q117,30,-0.399
Q117,31,-0.28
Q117,32,0.328
Q117,33,0.095
Q117,34,0.048
Q117,35,-0.417
Q117,36,-0.072
Q117,37,0.014
Q117,38,-0.44
Q117,39,-0.141
Q117,40,-0.243
Q117,41,-0.056
Q117,42,0.182
Q117,43,0.077
Q117,44,-0.368
Q117,45,-0.122
Q117,46,-0.051
Q117,47,-0.085
Q117,48,-0.032
Q117,49,-0.34
Q117,50,0.004
Q117,51,-0.025
Q117,52,0.022
Q117,53,0.163
Q117,54,-0.267
Q117,55,-0.343
Q117,56,-0.165
Q117,57,-0.1
Q117,58,-0.126
Q117,59,-0.272
Q117,60,-0.367
Q117,61,-0.295
Q117,62,-0.335
Q117,63,-0.344
Q117,64,0.005
Q117,65,-0.336
Q117,66,-0.086
Q117,67,-0.412
Q117,68,0.067
Q117,69,0.092
Q117,70,-0.208
Q117,71,0.232
Q117,72,0.071
Q117,73,-0.371
Q117,74,0.162
Q117,75,-0.323
Q117,76,-0.275
Q117,77,-0.258
Q117,78,-0.1
Q117,79,-0.254
Q117,80,-0.049
Q117,81,-0.04
Q117,82,-0.114
Q117,83,0.028
Q117,84,0.084
Q117,85,0.047
Q117,86,-0.2
Q117,87,-0.022
Q117,88,-0.066
Q117,89,-0.337
Q117,90,-0.016
Q117,91,0.248
Q117,92,-0.119
Q117,93,-0.154
Q117,94,0.117
Q117,95,-0.439
Q117,96,-0.216
Q117,97,-0.207
Q117,98,-0.306
Q117,99,-0.297
Q117,100,-0.072
Q117,101,0.097
Q117,102,-0.277
Q117,103,-0.111
Q117,104,0.119
Q117,105,0.137
Q117,106,-0.099
Q117,107,-0.038
Q117,108,-0.111
Q117,109,-0.172
Q117,110,0.171
Q117,111,-0.116
Q117,112,0.181
Q117,113,0.17
Q117,114,0.048
Q117,115,-0.026
Q117,116,-0.392
Q117,117,0.031
Q117,118,-0.209
Q117,119,-0.274
Q117,120,-0.143
Q117,121,0.025
Q117,122,-0.36
Q117,123,-0.367
Q117,124,0.017
Q117,125,-0.299
Q117,126,-0.43
Q117,127,0.057
Q117,128,0.124
Q117,129,-0.081
Q117,130,0.046
Q117,131,-0.31
Q117,132,-0.15
Q117,133,-0.247
Q117,134,-0.22
Q117,135,0.093
Q117,136,-0.132
Q117,137,0.099
Q117,138,-0.14
Q117,139,-0.176
Q117,140,-0.216
Q117,141,-0.248
Q117,142,0.025
Q117,143,-0.094
Q117,144,-0.029
Q117,145,0.241
Q117,146,0.003
Q117,147,0.15
Q117,148,-0.006
Q117,149,-0.333
Q117,150,0.172
Q117,151,-0.094
Q117,152,-0.034
Q117,153,0.052
Q117,154,0.188
Q117,155,0.037
Q117,156,-0.222
Q117,157,-0.313
Q117,158,-0.166
Q117,159,-0.016
Q117,160,-0.194
Q117,161,-0.317
Q117,162,-0.27
Q117,163,0.131
Q117,164,-0.472
Q117,165,-0.285
Q117,166,-0.081
Q117,167,-0.084
Q117,168,-0.262
Q117,169,-0.176
Q117,170,-0.303
Q117,171,-0.078
Q117,172,-0.435
Q117,173,-0.033
Q117,174,-0.554
Q117,175,-0.243
Q117,176,-0.161
Q117,177,0.129
Q117,178,-0.102
Q117,179,-0.168
Q117,180,-0.266
Q117,181,-0.108
Q117,182,-0.297
Q117,183,0.024
Q117,184,-0.131
Q117,185,0.235
Q117,186,0.052
Q117,187,-0.29
Q117,188,-0.426
Q117,189,0.024
Q117,190,-0.12
Q117,191,-0.296
Q117,192,-0.17
Q117,193,0.042
Q117,194,-0.336
Q117,195,-0.291
Q117,196,0.195
Q117,197,0.122
Q117,198,0.021
Q117,199,0.021
Q117,200,0.194
Q117,201,-0.172
Q117,202,-0.164
Q117,203,-0.31
Q117,204,-0.202
Q117,205,0.175
Q117,206,-0.404
Q117,207,-0.011
Q117,208,0.111
Q117,209,-0.281
Q117,210,0.076
Q117,211,-0.105
Q117,212,-0.224
Q117,213,-0.461
Q117,214,-0.321
Q117,215,-0.407
Q117,216,0.129
Q117,217,-0.274
Q117,218,0.244
Q117,219,0.161
Q117,220,0.161
Q117,221,-0.363
Q117,222,-0.137
Q117,223,-0.153
Q117,224,0.136
Q117,225,0.126
Q117,226,0.063
Q117,227,0.192
Q117,228,-0.036
Q117,229,0.212
Q117,230,0.002
Q117,231,-0.271
Q117,232,0.078
Q117,233,0.095
Q117,234,-0.101
Q117,235,0.171
Q117,236,-0.165
Q117,237,-0.154
Q117,238,-0.146
Q117,239,0.079
Q117,240,0.154
Q117,241,-0.089
Q117,242,-0.237
Q117,243,0.013
Q117,244,-0.234
Q117,245,-0.193
Q117,246,-0.251
Q117,247,0.179
Q117,248,0.245
Q117,249,-0.144
Q117,250,-0.379
Q117,251,0.087
Q117,252,-0.248
Q117,253,-0.149
Q117,254,0.207
Q117,255,-0.392
Q117,256,0.151
Q117,257,-0.161
Q117,258,-0.12
Q117,259,-0.026
Q117,260,-0.037
Q117,261,0.217
Q117,262,0.115
Q117,263,-0.017
Q117,264,0.037
Q117,265,-0.438
Q117,266,-0.375
Q117,267,-0.336
Q117,268,-0.311
Q117,269,0.179
Q117,270,-0.355
Q117,271,0.2
Q117,272,-0.273
Q117,273,0.205
Q117,274,0.035
Q117,275,-0.082
Q117,276,0.212
Q117,277,0.177
Q117,278,-0.316
Q117,279,-0.274
Q117,280,-0.357
Q117,281,-0.086
Q117,282,-0.191
Q117,283,0.185
Q117,284,-0.146
Q117,285,0.137
Q117,286,-0.12
Q117,287,0.058
Q117,288,0.001
Q117,289,-0.033
Q117,290,-0.194
Q117,291,-0.418
Q117,292,0.128
Q117,293,-0.368
Q117,294,-0.262
Q117,295,0.006
Q117,296,0.114
Q117,297,-0.04
Q117,298,-0.363
Q117,299,0.018
Q416,0,-0.383
Q416,1,0.105
Q416,2,-0.02
Q416,3,-0.297
Q416,4,-0.264
Q416,5,-0.671
Q416,6,0.221
Q416,7,-0.349
Q416,8,-0.189
Q416,9,-0.092
Q416,10,0.043
Q416,11,-0.164
Q416,12,0.083
Q416,13,-0.229
Q416,14,0.179
Q416,15,0.217
Q416,16,0.007
Q416,17,0.031
Q416,18,-0.139
Q416,19,-0.11
Q416,20,-0.205
Q416,21,-0.313
Q416,22,-0.353
Q416,23,-0.224
Q416,24,0.09
Q416,25,-0.341
Q416,26,-0.007
Q416,27,0.052
Q416,28,0.078
Q416,29,0.321
Q416,30,0.012
Q416,31,-0.156
Q416,32,-0.221
Q416,33,-0.1
Q416,34,-0.204
Q416,35,0.073
Q416,36,-0.239
Q416,37,-0.107
Q416,38,-0.044
Q416,39,-0.159
Q416,40,-0.249
Q416,41,-0.571
Q416,42,-0.402
Q416,43,0.075
Q416,44,-0.396
Q416,45,-0.016
Q416,46,0.105
Q416,47,-0.368
Q416,48,0.165
Q416,49,-0.078
Q416,50,0.165
Q416,51,-0.067
Q416,52,-0.337
Q416,53,0.224
Q416,54,0.096
Q416,55,-0.043
Q416,56,-0.557
Q416,57,-0.076
Q416,58,-0.435
Q416,59,-0.384
Q416,60,-0.162
Q416,61,-0.216
Q416,62,0.073
Q416,63,0.066
Q416,64,-0.352
Q416,65,-0.106
Q416,66,0.017
Q416,67,-0.4
Q416,68,0.095
Q416,69,-0.058
Q416,70,-0.364
Q416,71,-0.185
Q416,72,-0.142
Q416,73,-0.391
Q416,74,0.133
Q416,75,-0.255
Q416,76,-0.049
Q416,77,-0.448
Q416,78,0.064
Q416,79,-0.02
Q416,80,0.123
Q416,81,-0.39
Q416,82,-0.113
Q416,83,-0.089
Q416,84,0.066
Q416,85,0.188
Q416,86,-0.106
Q416,87,-0.437
Q416,88,-0.244
Q416,89,0.187
Q416,90,-0.023
Q416,91,-0.071
Q416,92,-0.205
Q416,93,-0.059
Q416,94,-0.003
Q416,95,0.086
Q416,96,-0.441
Q416,97,-0.382
Q416,98,0.183
Q416,99,-0.165
Q416,100,0.151
Q416,101,-0.321
Q416,102,0.167
Q416,103,0.064
Q416,104,-0.402
Q416,105,-0.347
Q416,106,0.003
Q416,107,0.107
Q416,108,-0.206
Q416,109,-0.422
Q416,110,0.212
Q416,111,0.039
Q416,112,0.221
Q416,113,0.151
Q416,114,0.096
Q416,115,-0.292
Q416,116,-0.086
Q416,117,0.078
Q416,118,0.183
Q416,119,0.003
Q416,120,0.11
Q416,121,-0.373
Q416,122,-0.078
Q416,123,-0.049
Q416,124,0.059
Q416,125,0.043
Q416,126,0.055
Q416,127,0.018
Q416,128,-0.317
Q416,129,0.068
Q416,130,-0.351
Q416,131,-0.139
Q416,132,-0.428
Q416,133,-0.078
Q416,134,0.09
Q416,135,-0.37
Q416,136,0.01
Q416,137,0.199
Q416,138,-0.508
Q416,139,-0.033
Q416,140,0.156
Q416,141,-0.424
Q416,142,-0.226
Q416,143,0.128
Q416,144,0.064
Q416,145,-0.207
Q416,146,-0.114
Q416,147,-0.18
Q416,148,0.219
Q416,149,-0.333
Q416,150,-0.097
Q416,151,0.02
Q416,152,-0.694
Q416,153,-0.064
Q416,154,-0.032
Q416,155,-0.137
Q416,156,-0.253
Q416,157,-0.049
Q416,158,-0.158
Q416,159,-0.152
Q416,160,-0.04
Q416,161,-0.089
Q416,162,-0.036
Q416,163,-0.19
Q416,164,-0.033
Q416,165,0.319
Q416,166,0.013
Q416,167,-0.353
Q416,168,-0.149
Q416,169,0.04
Q416,170,-0.277
Q416,171,-0.137
Q416,172,0.027
Q416,173,-0.387
Q416,174,-0.112
Q416,175,-0.281
Q416,176,-0.366
Q416,177,-0.176
Q416,178,0.042
Q416,179,-0.24
Q416,180,-0.195
Q416,181,0.128
Q416,182,-0.422
Q416,183,-0.344
Q416,184,-0.244
Q416,185,-0.397
Q416,186,-0.209
Q416,187,0.053
Q416,188,0.187
Q416,189,0.243
Q416,190,-0.293
Q416,191,-0.003
Q416,192,0.03
Q416,193,-0.426
Q416,194,-0.259
Q416,195,-0.031
Q416,196,-0.104
Q416,197,-0.288
Q416,198,-0.079
Q416,199,-0.211
Q416,200,-0.039
Q416,201,-0.246
Q416,202,-0.021
Q416,203,-0.328
Q416,204,-0.179
Q416,205,-0.161
Q416,206,-0.268
Q416,207,-0.1
Q416,208,0.208
Q416,209,-0.398
Q416,210,0.118
Q416,211,0.215
Q416,212,-0.182
Q416,213,-0.212
Q416,214,-0.017
Q416,215,0.304
Q416,216,-0.309
Q416,217,-0.033
Q416,218,0.124
Q416,219,-0.121
Q416,220,-0.135
Q416,221,-0.185
Q416,222,0.006
Q416,223,0.142
Q416,224,0.066
Q416,225,-0.088
Q416,226,-0.224
Q416,227,-0.36
Q416,228,0.114
Q416,229,0.083
Q416,230,-0.21
Q416,231,0.133
Q416,232,-0.275
Q416,233,0.026
Q416,234,-0.064
Q416,235,-0.193
Q416,236,0.036
Q416,237,0.133
Q416,238,-0.051
Q416,239,-0.437
Q416,240,2.112
Q416,241,2.036
Q416,242,1.658
Q416,243,2.047
Q416,244,1.663
Q416,245,1.882
Q416,246,1.655
Q416,247,1.579
Q416,248,1.383
Q416,249,1.427
Q416,250,1.351
Q416,251,1.385
Q416,252,1.302
Q416,253,1.22
Q416,254,1.137
Q416,255,0.97
Q416,256,0.972
Q416,257,0.889
Q416,258,0.742
Q416,259,0.666
Q416,260,0.641
Q416,261,0.558
Q416,262,0.437
Q416,263,0.361
Q416,264,0.285
Q416,265,0.227
Q416,266,0.144
Q416,267,0.062
Q416,268,-0.019
Q416,269,-0.088
Q416,270,-0.145
Q416,271,-0.228
Q416,272,-0.352
Q416,273,-0.435
Q416,274,-0.518
Q416,275,-0.552
Q416,276,-0.683
Q416,277,-0.766
Q416,278,-0.781
Q416,279,-0.931
Q416,280,-1.014
Q416,281,-1.097
Q416,282,-1.085
Q416,283,-1.262
Q416,284,-1.345
Q416,285,-1.313
Q416,286,-1.39
Q416,287,-1.466
Q416,288,-1.542
Q416,289,-1.759
Q416,290,-1.694
Q416,291,-1.924
Q416,292,-1.698
Q416,293,-2.089
Q416,294,-1.998
Q416,295,-1.909
Q416,296,-2.338
Q416,297,-2.42
Q416,298,-2.503
Q416,299,-2.586
Q316,0,0.033
Q316,1,0.001
Q316,2,-0.177
Q316,3,-0.054
Q316,4,-0.385
Q316,5,-0.03
Q316,6,-0.338
Q316,7,0.198
Q316,8,-0.087
Q316,9,-0.347
Q316,10,-0.254
Q316,11,0.079
Q316,12,-0.383
Q316,13,-0.437
Q316,14,-0.429
Q316,15,-0.067
Q316,16,0.087
Q316,17,-0.249
Q316,18,-0.215
Q316,19,-0.112
Q316,20,-0.436
Q316,21,-0.199
Q316,22,-0.315
Q316,23,0.156
Q316,24,-0.118
Q316,25,-0.323
Q316,26,-0.475
Q316,27,-0.083
Q316,28,0.092
Q316,29,0.231
Q316,30,0.078
Q316,31,-0.257
Q316,32,-0.23
Q316,33,-0.367
Q316,34,0.096
Q316,35,-0.035
Q316,36,-0.125
Q316,37,-0.426
Q316,38,-0.093
Q316,39,-0.075
Q316,40,-0.022
Q316,41,-0.205
Q316,42,-0.14
Q316,43,0.018
Q316,44,0.236
Q316,45,0.13
Q316,46,-0.23
Q316,47,-0.023
Q316,48,-0.432
Q316,49,-0.167
Q316,50,-0.373
Q316,51,0.238
Q316,52,0.041
Q316,53,-0.208
Q316,54,-0.416
Q316,55,-0.254
Q316,56,0.076
Q316,57,-0.393
Q316,58,-0.309
Q316,59,-0.198
Q316,60,-0.364
Q316,61,0.185
Q316,62,-0.092
Q316,63,-0.222
Q316,64,-0.169
Q316,65,-0.57
Q316,66,-0.28
Q316,67,0.059
Q316,68,-0.315
Q316,69,0.029
Q316,70,-0.31
Q316,71,-0.32
Q316,72,-0.099
Q316,73,-0.193
Q316,74,0.103
Q316,75,-0.191
Q316,76,-0.335
Q316,77,-0.049
Q316,78,-0.214
Q316,79,-0.082
Q316,80,0.192
Q316,81,-0.378
Q316,82,-0.182
Q316,83,0.123
Q316,84,-0.079
Q316,85,-0.391
Q316,86,0.131
Q316,87,0.219
Q316,88,-0.231
Q316,89,-0.134
Q316,90,-0.286
Q316,91,-0.019
Q316,92,-0.055
Q316,93,-0.298
Q316,94,0.048
Q316,95,-0.615
Q316,96,-0.243
Q316,97,-0.099
Q316,98,-0.013
Q316,99,-0.152
Q316,100,-0.041
Q316,101,-0.201
Q316,102,-0.261
Q316,103,-0.009
Q316,104,0.013
Q316,105,-0.344
Q316,106,0.073
Q316,107,0.177
Q316,108,-0.189
Q316,109,0.189
Q316,110,0.112
Q316,111,0.153
Q316,112,-0.128
Q316,113,-0.097
Q316,114,-0.155
Q316,115,-0.367
Q316,116,-0.216
Q316,117,0.179
Q316,118,0.054
Q316,119,-0.073
Q316,120,0.014
Q316,121,-0.17
Q316,122,-0.287
Q316,123,0.19
Q316,124,0.131
Q316,125,-0.138
Q316,126,0.103
Q316,127,-0.174
Q316,128,-0.264
Q316,129,-0.428
Q316,130,-0.197
Q316,131,-0.35
Q316,132,-0.387
Q316,133,0.19
Q316,134,0.001
Q316,135,0.003
Q316,136,-0.054
Q316,137,-0.246
Q316,138,0.052
Q316,139,-0.396
Q316,140,-0.152
Q316,141,-0.084
Q316,142,-0.204
Q316,143,0.043
Q316,144,0.181
Q316,145,-0.155
Q316,146,-0.028
Q316,147,-0.083
Q316,148,0.019
Q316,149,0.246
Q316,150,0.105
Q316,151,-0.038
Q316,152,-0.327
Q316,153,-0.177
Q316,154,0.246
Q316,155,-0.2
Q316,156,-0.34
Q316,157,0.097
Q316,158,-0.3
Q316,159,-0.376
Q316,160,-0.339
Q316,161,0.093
Q316,162,0.096
Q316,163,-0.297
Q316,164,-0.244
Q316,165,-0.504
Q316,166,-0.477
Q316,167,-0.377
Q316,168,-0.433
Q316,169,0.013
Q316,170,0.047
Q316,171,0.092
Q316,172,-0.055
Q316,173,-0.113
Q316,174,-0.326
Q316,175,-0.013
Q316,176,0.079
Q316,177,-0.249
Q316,178,0.062
Q316,179,-0.035
Q316,180,0.2
Q316,181,0.211
Q316,182,-0.074
Q316,183,-0.009
Q316,184,0.205
Q316,185,-0.318
Q316,186,0.02
Q316,187,0.044
Q316,188,-0.06
Q316,189,-0.356
Q316,190,-0.077
Q316,191,0.12
Q316,192,0.098
Q316,193,0.044
Q316,194,-0.362
Q316,195,0.231
Q316,196,-0.145
Q316,197,-0.102
Q316,198,0.015
Q316,199,-0.078
Q316,200,0.206
Q316,201,-0.173
Q316,202,-0.25
Q316,203,-0.243
Q316,204,0.192
Q316,205,-0.368
Q316,206,0.286
Q316,207,-0.22
Q316,208,0.099
Q316,209,-0.135
Q316,210,-0.084
Q316,211,-0.209
Q316,212,0.116
Q316,213,-0.142
Q316,214,-0.319
Q316,215,-0.077
Q316,216,-0.125
Q316,217,-0.149
Q316,218,-0.097
Q316,219,-0.266
Q316,220,0.057
Q316,221,0.201
Q316,222,0.072
Q316,223,-0.071
Q316,224,-0.228
Q316,225,-0.396
Q316,226,0.116
Q316,227,-0.022
Q316,228,-0.088
Q316,229,-0.032
Q316,230,-0.202
Q316,231,-0.144
Q316,232,-0.284
Q316,233,-0.267
Q316,234,0.0
Q316,235,-0.3
Q316,236,-0.38
Q316,237,0.095
Q316,238,0.114
Q316,239,0.118
Q316,240,-0.291
Q316,241,0.093
Q316,242,0.116
Q316,243,0.124
Q316,244,-0.347
Q316,245,-0.045
Q316,246,-0.325
Q316,247,-0.336
Q316,248,-0.38
Q316,249,0.176
Q316,250,-0.067
Q316,251,-0.101
Q316,252,0.01
Q316,253,0.098
Q316,254,-0.397
Q316,255,0.213
Q316,256,0.223
Q316,257,0.09
Q316,258,-0.032
Q316,259,0.175
Q316,260,-0.392
Q316,261,0.103
Q316,262,-0.076
Q316,263,-0.281
Q316,264,-0.175
Q316,265,-0.244
Q316,266,0.208
Q316,267,0.231
Q316,268,0.003
Q316,269,0.071
Q316,270,-0.306
Q316,271,0.008
Q316,272,-0.397
Q316,273,0.194
Q316,274,-0.295
Q316,275,0.215
Q316,276,-0.222
Q316,277,-0.109
Q316,278,-0.049
Q316,279,-0.361
Q316,280,-0.164
Q316,281,0.146
Q316,282,-0.096
Q316,283,-0.346
Q316,284,-0.078
Q316,285,0.037
Q316,286,-0.369
Q316,287,-0.251
Q316,288,0.207
Q316,289,-0.394
Q316,290,-0.336
Q316,291,0.138
Q316,292,-0.064
Q316,293,-0.216
Q316,294,-0.309
Q316,295,0.233
Q316,296,0.172
Q316,297,-0.122
Q316,298,0.108
Q316,299,-0.114
Q216,0,-0.064
Q216,1,0.133
Q216,2,-0.125
Q216,3,-0.146
Q216,4,0.224
Q216,5,-0.375
Q216,6,-0.164
Q216,7,0.026
Q216,8,0.068
Q216,9,0.017
Q216,10,0.047
Q216,11,0.024
Q216,12,-0.328
Q216,13,-0.058
Q216,14,-0.345
Q216,15,-0.306
Q216,16,0.157
Q216,17,-0.216
Q216,18,0.088
Q216,19,0.162
Q216,20,0.047
Q216,21,0.163
Q216,22,-0.332
Q216,23,0.218
Q216,24,-0.378
Q216,25,0.004
Q216,26,-0.292
Q216,27,-0.137
Q216,28,-0.28
Q216,29,-0.197
Q216,30,-0.313
Q216,31,-0.127
Q216,32,-0.293
Q216,33,-0.391
Q216,34,-0.031
Q216,35,-0.416
Q216,36,0.113
Q216,37,-0.226
Q216,38,-0.243
Q216,39,0.068
Q216,40,-0.376
Q216,41,-0.017
Q216,42,-0.112
Q216,43,-0.204
Q216,44,0.193
Q216,45,-0.079
Q216,46,-0.172
Q216,47,-0.186
Q216,48,0.094
Q216,49,0.115
Q216,50,0.16
Q216,51,-0.298
Q216,52,-0.257
Q216,53,0.004
Q216,54,-0.329
Q216,55,-0.015
Q216,56,0.197
Q216,57,-0.127
Q216,58,0.062
Q216,59,0.081
Q216,60,0.158
Q216,61,-0.349
Q216,62,-0.123
Q216,63,0.248
Q216,64,0.195
Q216,65,-0.123
Q216,66,-0.063
Q216,67,-0.024
Q216,68,-0.115
Q216,69,-0.116
Q216,70,0.162
Q216,71,-0.435
Q216,72,-0.499
Q216,73,0.018
Q216,74,0.12
Q216,75,0.136
Q216,76,-0.15
Q216,77,-0.218
Q216,78,0.009
Q216,79,-0.184
Q216,80,-0.404
Q216,81,-0.437
Q216,82,0.211
Q216,83,-0.418
Q216,84,-0.136
Q216,85,0.239
Q216,86,-0.309
Q216,87,0.06
Q216,88,0.087
Q216,89,0.096
Q216,90,-0.148
Q216,91,-0.106
Q216,92,-0.221
Q216,93,0.008
Q216,94,0.199
Q216,95,0.202
Q216,96,0.114
Q216,97,0.17
Q216,98,-0.133
Q216,99,-0.105
Q216,100,0.088
Q216,101,-0.174
Q216,102,-0.137
Q216,103,-0.157
Q216,104,-0.319
Q216,105,-0.39
Q216,106,-0.467
Q216,107,-0.079
Q216,108,0.206
Q216,109,-0.434
Q216,110,-0.113
Q216,111,0.104
Q216,112,-0.187
Q216,113,0.007
Q216,114,0.307
Q216,115,-0.225
Q216,116,-0.246
Q216,117,-0.331
Q216,118,-0.146
Q216,119,-0.309
Q216,120,-0.41
Q216,121,-0.226
Q216,122,0.037
Q216,123,0.009
Q216,124,0.034
Q216,125,-0.003
Q216,126,0.048
Q216,127,0.222
Q216,128,-0.06
Q216,129,-0.109
Q216,130,-0.358
Q216,131,-0.22
Q216,132,0.063
Q216,133,0.007
Q216,134,0.035
Q216,135,0.147
Q216,136,-0.323
Q216,137,-0.031
Q216,138,0.116
Q216,139,0.084
Q216,140,0.286
Q216,141,0.144
Q216,142,-0.225
Q216,143,-0.112
Q216,144,-0.361
Q216,145,-0.003
Q216,146,-0.242
Q216,147,0.189
Q216,148,-0.137
Q216,149,-0.228
Q216,150,-0.309
Q216,151,0.138
Q216,152,-0.004
Q216,153,0.21
Q216,154,-0.043
Q216,155,0.058
Q216,156,-0.167
Q216,157,-0.178
Q216,158,0.087
Q216,159,-0.373
Q216,160,-0.174
Q216,161,0.121
Q216,162,-0.203
Q216,163,-0.108
Q216,164,-0.34
Q216,165,-0.292
Q216,166,0.101
Q216,167,-0.244
Q216,168,-0.017
Q216,169,0.008
Q216,170,0.054
Q216,171,-0.34
Q216,172,-0.447
Q216,173,0.168
Q216,174,-0.303
Q216,175,0.195
Q216,176,-0.091
Q216,177,0.158
Q216,178,-0.199
Q216,179,-0.277
Q216,180,-0.361
Q216,181,-0.263
Q216,182,-0.314
Q216,183,-0.054
Q216,184,0.205
Q216,185,-0.185
Q216,186,-0.109
Q216,187,-0.375
Q216,188,-0.401
Q216,189,0.228
Q216,190,-0.179
Q216,191,0.053
Q216,192,-0.147
Q216,193,-0.037
Q216,194,-0.195
Q216,195,0.159
Q216,196,-0.367
Q216,197,-0.275
Q216,198,0.17
Q216,199,0.046
Q216,200,-0.305
Q216,201,-0.562
Q216,202,0.095
Q216,203,0.044
Q216,204,-0.218
Q216,205,0.076
Q216,206,0.149
Q216,207,-0.283
Q216,208,-0.108
Q216,209,-0.374
Q216,210,-0.451
Q216,211,-0.135
Q216,212,-0.098
Q216,213,0.132
Q216,214,-0.205
Q216,215,0.104
Q216,216,-0.121
Q216,217,0.003
Q216,218,-0.035
Q216,219,-0.133
Q216,220,-0.156
Q216,221,0.141
Q216,222,-0.069
Q216,223,-0.37
Q216,224,-0.186
Q216,225,-0.145
Q216,226,-0.399
Q216,227,-0.054
Q216,228,-0.282
Q216,229,-0.192
Q216,230,-0.367
Q216,231,-0.263
Q216,232,0.231
Q216,233,-0.422
Q216,234,-0.027
Q216,235,0.202
Q216,236,-0.417
Q216,237,0.073
Q216,238,0.18
Q216,239,-0.286
Q216,240,1.236
Q216,241,1.656
Q216,242,1.852
Q216,243,1.733
Q216,244,2.243
Q216,245,2.243
Q216,246,2.23
Q216,247,2.395
Q216,248,3.025
Q216,249,3.221
Q216,250,3.143
Q216,251,3.612
Q216,252,3.503
Q216,253,3.683
Q216,254,3.863
Q216,255,4.395
Q216,256,4.591
Q216,257,4.786
Q216,258,3.569
Q216,259,4.763
Q216,260,4.943
Q216,261,5.569
Q216,262,4.879
Q216,263,5.96
Q216,264,5.21
Q216,265,6.351
Q216,266,6.547
Q216,267,6.203
Q216,268,6.938
Q216,269,6.563
Q216,270,7.33
Q216,271,6.923
Q216,272,6.535
Q216,273,7.917
Q216,274,7.463
Q216,275,8.308
Q216,276,8.504
Q216,277,8.003
Q216,278,8.895
Q216,279,8.363
Q216,280,8.543
Q216,281,9.482
Q216,282,8.903
Q216,283,9.083
Q216,284,9.263
Q216,285,9.443
Q216,286,10.46
Q216,287,10.656
Q216,288,10.851
Q216,289,10.163
Q216,290,10.343
Q216,291,9.681
Q216,292,11.634
Q216,293,10.883
Q216,294,12.025
Q216,295,11.243
Q216,296,12.416
Q216,297,12.612
Q216,298,12.808
Q216,299,13.003
